Topic,Level ,Passage,Vocabulary ,Grammar ,Question ,Option,Answer 
환경,초급,"What is soft-path river engineering? 
To visualize it, liken it to a trail in the woods. If a tree falls on the footpath, a soft-path way is just to move the trail around it. 
A more interventionist way is to remove the tree and restore the old path.
 A very strong interventionist way might be to pave the path to keep it permanently in the landscape. 
But the most extreme step is to create a superhighway that removes the landscape and bulldozes straight through all obstacles.
 Soft-path engineering is humble with respect to what we actually know about river movement. It accepts changes in the river as important parts of nature.","visualize 시각화하다
trail 오솔길
liken 비유하다
footpath 오솔길
interventionist 개입주의적인
restore 복구하다
permanently 영구적으로 
landscape 경관, 풍경
bulldoze through ~을 밀고 나가다
obstacle 장애물
with respect to ~에 관하여
variability 변동성
wetland 습지
swamp 늪지
braid 갈래
presume 여기다, 간주하다
superhighway 초고속도로
modesty 겸손
backwater 지류
channel 수로","■ The true high-modernist step would, of course, be [to create a superhighway {that removes the landscape and bulldozes straight through all obstacles in the topography}].
[  ]는 be의 주격 보어 역할을 하는 to부정사구이다. 그 안의 {  }는 a superhighway를 수식하는 관계절이다. 
■ Soft-path engineering has the unique advantage of intellectual modesty [with respect to {what we actually know about river movement and its environmental effects}].
[  ]는 intellectual modesty를 수식하는 전치사구이고, 그 안의 {  }는 with respect to의 목적어 역할을 하는 명사절이다. ","1. 'restore'의 뜻으로 가장 적절한 것은?|2. 지문에 따르면 Soft-path 방식에서 길에 나무가 쓰러졌을 때 어떻게 하나요?|3. Soft-path 공학이 자연을 대하는 태도는 어떠한가요?|4. ""to move the trail around it""에서 'to move'의 역할은?|5. ""what we actually know""에서 know의 시제는?",(A) 파괴하다 (B) 복구하다 (C) 무시하다 (D) 창조하다|(A) 나무를 즉시 치운다 (B) 길을 포장한다 (C) 길을 우회시킨다 (D) 숲을 없앤다|(A) 인간이 모든 것을 안다고 믿는다 (B) 강의 변화를 자연의 일부로 받아들인다 (C) 강을 고속도로로 만든다 (D) 장애물을 모두 밀어버린다|(A) 주어를 보충 설명하는 보어 (B) 명사를 꾸미는 형용사 (C) 주어 (D) 감탄사|(A) 과거 (B) 현재 (C) 미래 (D) 과거완료,(B)|(C)|(B)|(A)|(B)
환경,중급," What is soft-path river engineering? One way to visualize its spirit is to liken it to a footpath in the forest. Suppose a tree falls across a footpath. A soft-path response would be simply to redirect the trail around the fallen tree. A more interventionist response would be to ① remove the tree and restore the original route. A still more interventionist response might be to straighten and pave the path to insert it more ② permanently in the landscape. The true high-modernist step would, of course, be to ③ create a superhighway that removes the landscape and bulldozes straight through all obstacles in the topography. Soft-path engineering has the unique advantage of intellectual ④ modesty with respect to what we actually know about river movement and its environmental effects. In contrast to hard-path engineering, soft-path engineering accepts variability in the river’s movement as ⑤ insignificant until proven otherwise. Backwaters, short-lived wetlands, braids and channels, swamps ? all undesirable to hard-path engineering ? are presumed by soft- path engineers to be ecologically important.","visualize 시각화하다
trail 오솔길
liken 비유하다
footpath 오솔길
interventionist 개입주의적인
restore 복구하다
permanently 영구적으로 
landscape 경관, 풍경
bulldoze through ~을 밀고 나가다
obstacle 장애물
with respect to ~에 관하여
variability 변동성
wetland 습지
swamp 늪지
braid 갈래
presume 여기다, 간주하다
superhighway 초고속도로
modesty 겸손
backwater 지류
channel 수로","■ The true high-modernist step would, of course, be [to create a superhighway {that removes the landscape and bulldozes straight through all obstacles in the topography}].
[  ]는 be의 주격 보어 역할을 하는 to부정사구이다. 그 안의 {  }는 a superhighway를 수식하는 관계절이다. 
■ Soft-path engineering has the unique advantage of intellectual modesty [with respect to {what we actually know about river movement and its environmental effects}].
[  ]는 intellectual modesty를 수식하는 전치사구이고, 그 안의 {  }는 with respect to의 목적어 역할을 하는 명사절이다. ","1. 'permanently'의 의미와 반대되는 것은?|2. 지문에서 'hard-path' 공학이 하천의 변동성(variability)을 대하는 태도는?|3. 'Soft-path' 공학이 가진 독특한 장점은 무엇인가요?|4. ""...insignificant until proven otherwise""에서 생략된 것은?|5. ""presumed to be ecologically important""에서 'to be'의 형태는?",(A) Forever (B) Constantly (C) Temporarily (D) Always|(A) 생태적으로 중요하게 여긴다 (B) 무의미한 것으로 간주한다 (C) 겸손하게 받아들인다 (D) 변화를 장려한다|(A) 지적인 겸손함 (B) 강력한 물리적 통제 (C) 빠른 공사 속도 (D) 영구적인 경관 고정|(A) it is (B) we are (C) they are (D) which is|(A) 동명사 (B) 현재분사 (C) 과거분사 (D) to부정사,(C)|(B)|(A)|(A)|(D)
환경,고급,"The essence of soft-path river engineering can be elucidated by likening its philosophy to a forest footpath. 
When an obstruction falls across the trail, the soft-path strategy entails simply redirecting the path, whereas a more interventionist approach would seek to restore the original trajectory.
 An even more aggressive interventionist response might involve paving the route to embed it permanently into the landscape.
 However, the ultimate high-modernist manifestation would be to create a superhighway that removes the landscape and bulldozes straight through all obstacles in the topography.
 In contrast, soft-path engineering maintains intellectual modesty with respect to what we actually know about river movement, embracing variability as an ecologically vital component.","visualize 시각화하다
trail 오솔길
liken 비유하다
footpath 오솔길
interventionist 개입주의적인
restore 복구하다
permanently 영구적으로 
landscape 경관, 풍경
bulldoze through ~을 밀고 나가다
obstacle 장애물
with respect to ~에 관하여
variability 변동성
wetland 습지
swamp 늪지
braid 갈래
presume 여기다, 간주하다
superhighway 초고속도로
modesty 겸손
backwater 지류
channel 수로","■ The true high-modernist step would, of course, be [to create a superhighway {that removes the landscape and bulldozes straight through all obstacles in the topography}].
[  ]는 be의 주격 보어 역할을 하는 to부정사구이다. 그 안의 {  }는 a superhighway를 수식하는 관계절이다. 
■ Soft-path engineering has the unique advantage of intellectual modesty [with respect to {what we actually know about river movement and its environmental effects}].
[  ]는 intellectual modesty를 수식하는 전치사구이고, 그 안의 {  }는 with respect to의 목적어 역할을 하는 명사절이다. ","1. 'modesty'의 문맥적 의미로 가장 적절한 것은?|2. 'high-modernist step'이 환경에 미치는 영향은 무엇인가요?|3. Soft-path 공학이 하천의 변동성(variability)을 받아들이는 방식은?|4. ""be to create a superhighway""에서 'to create'의 문법적 기능은?|5. ""...modesty [with respect to what we actually know...]""에서 what의 역할은?",(A) 거만함 (B) 겸손함 (C) 무지함 (D) 확신|(A) 자연 경관을 제거하고 장애물을 밀어버린다 (B) 오솔길을 보존한다 (C) 강의 흐름을 더 복잡하게 만든다 (D) 지적 능력을 향상시킨다|(A) 통제해야 할 장애물로 본다 (B) 생태적으로 필수적인 요소로 수용한다 (C) 경제적 가치로만 판단한다 (D) 무시해도 되는 사소한 것으로 본다|(A) 목적을 나타내는 부사 (B) 주격 보어 (C) 명사를 수식하는 형용사 (D) 가짜 주어|(A) 관계대명사 (B) 의문사 (C) 명사절 접속사 (~하는 것) (D) 선행사를 포함한 관계대명사,(B)|(A)|(B)|(B)|(D)
진로,초급,"The goal of class discussion is to help you be an active student, not a passive recorder. 
The emphasis is on thinking and responding. Writing is an invaluable tool for this. 
But many students stop using their pens when a discussion starts. Admittedly, it is considerably more difficult to take notes from discussions than from lectures.
Discussions are often messy. Also, it is not easy to take notes and formulate what you want to say at the same time. But taking notes in a discussion is very important.
It helps you stay alert. It also prepares you to speak your own ideas.","passive 수동적인
admittedly 인정하건대
alert 정신이 초롱초롱한
emphasis 강조점, 강조
invaluable 매우 귀중한
take notes 메모하다, 필기하다
formulate (의견을 공들여) 표현하다","■ Admittedly, it is considerably more difficult [to take notes from discussions than from lectures], [for, unlike lectures, discussions tend to be {disorganized} and {difficult to follow}].
it은 형식상의 주어이고, 첫 번째 [  ]는 내용상의 주어이다. 두 번째 [  ]는 이유를 나타내는 접속사 for가 이끄는 절이고, 그 안의 두 개의 {  }는 and로 연결되어 be에 이어진다.
■ And [if you are an active participant], it is not easy [to take notes and formulate {what you want to say}].","1. 'invaluable'의 뜻으로 가장 적절한 것은?|2. 지문에 따르면 수업 토론의 목적은 무엇인가요?|3. 토론 중 필기(Note taking)가 주는 장점은 무엇인가요?|4. ""it is... difficult to take notes""에서 'to take'의 역할은?|5. ""It helps you stay alert""에서 'stay'의 형태는?",(A) 가치 없는 (B) 매우 귀중한 (C) 저렴한 (D) 평범한|(A) 수동적인 기록자가 되는 것 (B) 필기를 멈추는 것 (C) 능동적인 학생이 되는 것 (D) 강의만 듣는 것|(A) 잠을 자게 도와준다 (B) 정신을 초롱초롱하게 유지해준다 (C) 손의 힘을 길러준다 (D) 친구의 의견을 비판하게 한다|(A) 진짜 주어 (B) 가짜 주어 (C) 목적어 (D) 동사|(A) 과거분사 (B) 동사원형(원형부정사) (C) to부정사 (D) 동명사,(B)|(C)|(B)|(A)|(B)
진로,중급,"The purpose of class discussions is to encourage you to be an active participant, not a passive recorder. Much of the emphasis in a discussion is on getting students involved in thinking, reacting, and responding. These are important intellectual activities in the learning process, for through them you are supposed to discover and express your opinions. Writing is an invaluable tool for accomplishing these tasks. Unfortunately, too many times, when class discussion begins, pens and pencils go down. Admittedly, it is considerably more difficult to take notes from discussions than from lectures, for, unlike lectures, discussions tend to be disorganized and difficult to follow. Also, students usually don’t know how much of what other students are saying is important. And if you are an active participant, it is not easy to take notes and formulate what you want to say. But note taking in discussions is not only manageable, it is also important. Note taking helps to keep you active and alert; it allows you to impose some organization on the discussion; and it can prepare you to speak.","passive 수동적인
admittedly 인정하건대
alert 정신이 초롱초롱한
emphasis 강조점, 강조
invaluable 매우 귀중한
take notes 메모하다, 필기하다
formulate (의견을 공들여) 표현하다","■ Admittedly, it is considerably more difficult [to take notes from discussions than from lectures], [for, unlike lectures, discussions tend to be {disorganized} and {difficult to follow}].
it은 형식상의 주어이고, 첫 번째 [  ]는 내용상의 주어이다. 두 번째 [  ]는 이유를 나타내는 접속사 for가 이끄는 절이고, 그 안의 두 개의 {  }는 and로 연결되어 be에 이어진다.
■ And [if you are an active participant], it is not easy [to take notes and formulate {what you want to say}].","1. 'formulate'의 의미로 가장 적절한 것은?|2. 지문에서 토론 중 필기가 강의(lecture) 필기보다 더 어려운 이유는?|3. 필기가 토론에 미치는 긍정적인 영향으로 언급된 것은?|4. ""it is not easy to take notes""에서 'it'의 문법적 명칭은?|5. ""...formulate what you want to say""에서 'what'의 해석은?",(A) 공식화하다 (B) 의견을 공들여 표현하다 (C) 필기를 멈추다 (D) 질문하다|(A) 토론이 너무 조용해서 (B) 토론이 체계적이지 않고 따라가기 힘들어서 (C) 강의가 너무 짧아서 (D) 필기 도구가 부족해서|(A) 토론에 질서를 부여할 수 있게 해준다 (B) 다른 학생의 말을 무시하게 한다 (C) 단순히 기록만 하게 한다 (D) 토론 시간을 단축시킨다|(A) 인칭 대명사 (B) 가주어 (C) 강조의 it (D) 비인칭 주어|(A) 무엇을 (B) ~하는 것 (C) 언제 (D) 왜,(B)|(B)|(A)|(B)|(B)
진로,고급,"Class discussions are designed to cultivate active engagement rather than passive recording. 
The pedagogical emphasis lies in fostering critical thinking and responsive dialogue. 
While writing remains an invaluable instrument for achieving these objectives, students frequently cease writing the moment a discussion commences. 
Admittedly, it is considerably more difficult to take notes from discussions than from lectures, as the former tend to be non-linear and disorganized. 
Furthermore, for those actively participating, it is not easy to take notes and formulate what you want to say simultaneously. 
Nevertheless, taking notes during discussions is a manageable and essential task that keeps the mind alert and allows one to impose structure on the dialogue.","passive 수동적인
admittedly 인정하건대
alert 정신이 초롱초롱한
emphasis 강조점, 강조
invaluable 매우 귀중한
take notes 메모하다, 필기하다
formulate (의견을 공들여) 표현하다","■ Admittedly, it is considerably more difficult [to take notes from discussions than from lectures], [for, unlike lectures, discussions tend to be {disorganized} and {difficult to follow}].
it은 형식상의 주어이고, 첫 번째 [  ]는 내용상의 주어이다. 두 번째 [  ]는 이유를 나타내는 접속사 for가 이끄는 절이고, 그 안의 두 개의 {  }는 and로 연결되어 be에 이어진다.
■ And [if you are an active participant], it is not easy [to take notes and formulate {what you want to say}].","1. 'alert'와 문맥상 의미가 가장 유사한 것은?|2. 지문에 따르면 학생들이 토론이 시작될 때 쓰기를 멈추는 경향이 있는 이유는?|3. 'manageable and essential task'로서의 필기가 갖는 의의는?|4. ""...more difficult to take notes... for, unlike lectures...""에서 'for'의 의미는?|5. ""...discussions tend to be disorganized""에서 'to be'의 문법적 역할은?",(A) Passive (B) Attentive (C) Disorganized (D) Invaluable|(A) 자신의 의견을 구성하면서 동시에 받아적기 어렵기 때문에 (B) 토론 내용이 너무 명확해서 (C) 기록보다 듣는 것이 항상 중요하기 때문에 (D) 교사가 필기를 금지하기 때문에|(A) 단순한 수동적 기록 (B) 대화에 구조를 부여하고 정신을 깨어있게 함 (C) 비선형적 사고의 방해 (D) 강의와 토론의 동일시|(A) ~를 위하여 (B) ~동안 (C) 왜냐하면 (~이므로) (D) ~에 대하여|(A) tend의 목적어 (B) 형용사적 용법 (C) 부사적 용법 (D) 주격 보어,(B)|(A)|(B)|(C)|(A)
과학,초급,"A good example of chaos is the magnetic pendulum. It is often sold as an executive toy. 
This toy has four magnets arranged in a square at the base. It also has a pendulum that swings back and forth between them. If you release the pendulum, it visits the magnets in a certain order. But if you try it again from the same spot, the pattern soon becomes completely different. This is called chaos. To make chaos, the system must be nonlinear. But nor are all nonlinear systems chaotic. They only become chaotic after they pass a certain point. Before that, they move in an orderly fashion.","magnetic pendulum 자기 진자
executive 사무실(용)의  
back and forth 앞뒤로  
fashion 방식
nonlinear 비선형의  
generate 생성하다, 만들어 내다 
swing 흔들리다  
orderly 질서정연한  ","■ It has four magnets [arranged in a square at the base] and a pendulum [that swings back and forth between them].
첫 번째 [  ]는 four magnets를 수식하는 분사구이고, 두 번째 [  ]는 a pendulum을 수식하는 관계절이다. 
■ Nor are [all nonlinear systems] chaotic: [to become so] they need to be pushed beyond a certain point, called a bifurcation.
첫 번째 [ ]는 문장의 주어 역할을 하는 명사구이고, 부정어인 Nor로 문장이 시작되어 동사 are가 주어 앞에 놓이는 어순이 되었다. 두 번째 [ ]는 목적을 나타내는 to부정사구이다. ","1. 'orderly'의 뜻으로 가장 적절한 것은?|2. 지문에 따르면 자기 진자 장난감의 바닥에는 자석이 몇 개 있나요?|3. 'Chaos(혼돈)'가 발생하기 위해 시스템은 어떠해야 하나요?|4. ""four magnets arranged in a square""에서 arranged의 역할은?|5. ""a pendulum that swings...""에서 that이 가리키는 것은?",(A) 무질서한 (B) 질서정연한 (C) 비선형의 (D) 복잡한|(A) 2개 (B) 3개 (C) 4개 (D) 5개|(A) 항상 선형(linear)이어야 한다 (B) 항상 똑같은 패턴을 반복해야 한다 (C) 비선형(nonlinear) 시스템이어야 한다 (D) 자석이 없어야 한다|(A) 주어 (B) magnets를 꾸며주는 말 (C) 동사 (D) 목적어|(A) square (B) magnets (C) base (D) a pendulum,(B)|(C)|(C)|(B)|(D)
과학,중급,"A good example of chaos is the magnetic pendulum sold as an executive toy. It has four magnets arranged in a square at the base and a pendulum that swings back and forth between them.                        
 (A) In order to produce chaos, the iteration has to be within what is called a nonlinear system. 
Nor are all nonlinear systems chaotic: to become so they need to be pushed beyond a certain point, called a bifurcation. 
Before that point is reached they may behave in a quite orderly fashion.
(B) Release the pendulum and note the magnets that it visits, and in what order. 
If the pendulum is released from the same position a second time, the pattern of movement may at first be the same but soon it will become completely different.
 In fact, the pattern of its movement is chaotic.
(C) No matter how much care is taken to start the pendulum in the same position, it will visit an entirely different set of points on the two occasions.
 Chaotic systems are generated by iteration, though not all iteration leads to chaos. ","magnetic pendulum 자기 진자
executive 사무실(용)의  
back and forth 앞뒤로  
fashion 방식
nonlinear 비선형의  
generate 생성하다, 만들어 내다 
swing 흔들리다  
orderly 질서정연한  ","■ It has four magnets [arranged in a square at the base] and a pendulum [that swings back and forth between them].
첫 번째 [  ]는 four magnets를 수식하는 분사구이고, 두 번째 [  ]는 a pendulum을 수식하는 관계절이다. 
■ Nor are [all nonlinear systems] chaotic: [to become so] they need to be pushed beyond a certain point, called a bifurcation.
첫 번째 [ ]는 문장의 주어 역할을 하는 명사구이고, 부정어인 Nor로 문장이 시작되어 동사 are가 주어 앞에 놓이는 어순이 되었다. 두 번째 [ ]는 목적을 나타내는 to부정사구이다. ","1. 'generate'의 의미로 가장 적절한 것은?|2. 지문에서 진자를 같은 위치에서 두 번 놓았을 때 나타나는 현상은?|3. 모든 비선형 시스템이 항상 혼돈(chaotic) 상태인가요?|4. ""In order to produce chaos""에서 to produce의 용법은?|5. ""Nor are all nonlinear systems chaotic""에서 are의 위치가 주어 앞으로 온 이유는?","(A) 파괴하다 (B) 생성하다 (C) 무시하다 (D) 소비하다|(A) 첫 번째와 완전히 똑같은 패턴을 유지한다 (B) 처음에는 비슷해 보일 수 있으나 곧 완전히 달라진다 (C) 자석에 달라붙어 움직이지 않는다 (D) 원을 그리며 회전한다|(A) 그렇다, 항상 혼돈 상태이다 (B) 아니다, 특정 지점(bifurcation)을 넘어야 한다 (C) 아니다, 선형 시스템일 때만 혼돈 상태가 된다 (D) 자석의 세기에 따라 결정된다|(A) 명사적 용법 (B) 형용사적 용법 (C) 부사적 용법(목적) (D) 완료 용법|(A) 강조를 위한 도치 (B) 의문문이기 때문에 (C) Nor라는 부정어로 시작해서 (D) 주어가 너무 길어서",(B)|(B)|(B)|(C)|(C)
과학,고급,"The magnetic pendulum, frequently marketed as an executive desktop toy, serves as an exemplary model of chaotic dynamics. 
The device features four magnets arranged in a square at the base and a pendulum that swings back and forth between them in a complex manner. While the initial trajectory might appear predictable, subsequent releases from the identical position inevitably yield divergent patterns, illustrating the essence of chaos. Critically, such behavior must generate within a nonlinear framework; however, nor are all nonlinear systems chaotic by definition. Chaos only emerges when the system is pushed beyond a specific ""bifurcation"" point, prior to which it may maintain a remarkably orderly fashion.","magnetic pendulum 자기 진자
executive 사무실(용)의  
back and forth 앞뒤로  
fashion 방식
nonlinear 비선형의  
generate 생성하다, 만들어 내다 
swing 흔들리다  
orderly 질서정연한  ","■ It has four magnets [arranged in a square at the base] and a pendulum [that swings back and forth between them].
첫 번째 [  ]는 four magnets를 수식하는 분사구이고, 두 번째 [  ]는 a pendulum을 수식하는 관계절이다. 
■ Nor are [all nonlinear systems] chaotic: [to become so] they need to be pushed beyond a certain point, called a bifurcation.
첫 번째 [ ]는 문장의 주어 역할을 하는 명사구이고, 부정어인 Nor로 문장이 시작되어 동사 are가 주어 앞에 놓이는 어순이 되었다. 두 번째 [ ]는 목적을 나타내는 to부정사구이다. ","1. 'bifurcation'의 문맥적 의미로 가장 적절한 것은?|2. 지문에 따르면 'Chaos(혼돈)'의 본질을 가장 잘 설명하는 것은?|3. 시스템이 'bifurcation' 지점에 도달하기 전에는 어떻게 작동하나요?|4. ""...nor are all nonlinear systems chaotic""에서 주어에 해당하는 부분은?|5. ""illustrating the essence of chaos""에서 'illustrating'의 문법적 성격은?",(A) 자기장의 세기 (B) 진자의 무게 (C) 상태가 변하는 분기점 (D) 장난감의 가격|(A) 초기 위치에 따른 완벽한 예측 가능성 (B) 동일한 위치에서 시작해도 달라지는 불규칙한 패턴 (C) 선형적인 에너지의 흐름 (D) 자석 사이의 일정한 간격|(A) 완전히 무작위로 움직인다 (B) 상당히 질서정연하게 움직인다 (C) 움직임을 멈춘다 (D) 자석의 영향을 받지 않는다|(A) Nor are (B) all nonlinear systems (C) chaotic (D) nor are all|(A) 현재진행형 동사 (B) 동명사 주어 (C) 분사구문 (D) 명사 수식 형용사,(C)|(B)|(B)|(B)|(C)
